,Exp1ImputeRMSE,Exp2ImputeModel,Exp2train_auroc,Exp2train_acc,Exp2train_bal_acc,Exp2train_logloss,Exp2test_auroc,Exp2test_acc,Exp2test_bal_acc,Exp2test_logloss,Exp2impute_auroc,Exp2impute_acc,Exp2impute_bal_acc,Exp2impute_logloss,Exp2impute_pipe,Exp2duration,Exp3ImputeModel,Exp3train_auroc,Exp3train_acc,Exp3train_bal_acc,Exp3train_logloss,Exp3impute_auroc,Exp3impute_acc,Exp3impute_bal_acc,Exp3impute_logloss,Exp3impute_pipe,Exp3duration
/tpot2_base_normal_MAR_0.01/,31.145816349997858,"{'model_name': 'SimpleImputer', 'strategy': 'mean'}",0.9999795277626691,0.9958552365547918,0.9959265242270805,0.014334428977111806,0.9999335194121673,0.9890909090909091,0.9891067290868681,0.02913736467003332,0.9999050721145106,0.9872727272727273,0.9873599708870208,0.03876359780166085,['MLPClassifier_1'],2634.6199033260345,"      log_loss  ...                                           Instance
0    -0.282143  ...      [('LogisticRegression_1', 'SimpleImputer_1')]
1    -5.618007  ...           [('MultinomialNB_1', 'SimpleImputer_1')]
2    -0.185469  ...  [('RandomForestClassifier_1', 'SimpleImputer_1')]
3    -1.303216  ...              [('GaussianNB_1', 'SimpleImputer_1')]
4    -0.465104  ...           [('XGBClassifier_1', 'SimpleImputer_1')]
...        ...  ...                                                ...
4323 -0.401039  ...           [('XGBClassifier_1', 'SimpleImputer_1')]
4324 -0.079781  ...           [('XGBClassifier_1', 'SimpleImputer_1')]
4325 -0.086285  ...           [('MLPClassifier_1', 'SimpleImputer_1')]
4326 -0.732727  ...  [('GradientBoostingClassifier_1', 'SimpleImput...
4327 -1.864489  ...           [('XGBClassifier_1', 'SimpleImputer_1')]

[4328 rows x 10 columns]",1.0,1.0,1.0,0.0007027388563004098,0.9999670161037919,0.9936363636363637,0.9935844944601044,0.018436428446716786,"      log_loss  ...                                           Instance
0    -0.282143  ...      [('LogisticRegression_1', 'SimpleImputer_1')]
1    -5.618007  ...           [('MultinomialNB_1', 'SimpleImputer_1')]
2    -0.185469  ...  [('RandomForestClassifier_1', 'SimpleImputer_1')]
3    -1.303216  ...              [('GaussianNB_1', 'SimpleImputer_1')]
4    -0.465104  ...           [('XGBClassifier_1', 'SimpleImputer_1')]
...        ...  ...                                                ...
4323 -0.401039  ...           [('XGBClassifier_1', 'SimpleImputer_1')]
4324 -0.079781  ...           [('XGBClassifier_1', 'SimpleImputer_1')]
4325 -0.086285  ...           [('MLPClassifier_1', 'SimpleImputer_1')]
4326 -0.732727  ...  [('GradientBoostingClassifier_1', 'SimpleImput...
4327 -1.864489  ...           [('XGBClassifier_1', 'SimpleImputer_1')]

[4328 rows x 10 columns]",4960.8382222652435
/tpot2_base_normal_MAR_0.1/,26.72363767330009,"{'model_name': 'SimpleImputer', 'strategy': 'median'}",0.9999941613347882,0.9991912656692277,0.9991739466728798,0.009141371811342077,0.9999847418635259,0.9963636363636363,0.9961994609164421,0.016307963639384825,0.9995317736452186,0.9763636363636363,0.976005477187637,0.07549357874215644,['SVC_1'],15077.183878183365,"      log_loss  ...                                         Instance
0    -1.239345  ...            [('GaussianNB_1', 'SimpleImputer_1')]
1      TIMEOUT  ...    [('LogisticRegression_1', 'SimpleImputer_1')]
2    -0.564747  ...  [('KNeighborsClassifier_1', 'SimpleImputer_1')]
3      INVALID  ...         [('SGDClassifier_1', 'SimpleImputer_1')]
4    -0.255975  ...    [('LogisticRegression_1', 'SimpleImputer_1')]
...        ...  ...                                              ...
3473  -0.17745  ...  [('KNeighborsClassifier_1', 'SimpleImputer_1')]
3474 -0.276218  ...  [('KNeighborsClassifier_1', 'SimpleImputer_1')]
3475 -0.039776  ...                   [('SVC_1', 'SimpleImputer_1')]
3476  -0.40896  ...                   [('SVC_1', 'SimpleImputer_1')]
3477 -0.057907  ...                   [('SVC_1', 'SimpleImputer_1')]

[3478 rows x 10 columns]",0.9999863407221661,0.9977759805903761,0.997789047250931,0.014489769250888832,0.9998859574148419,0.99,0.9897011396415568,0.044999689502198285,"      log_loss  ...                                         Instance
0    -1.239345  ...            [('GaussianNB_1', 'SimpleImputer_1')]
1      TIMEOUT  ...    [('LogisticRegression_1', 'SimpleImputer_1')]
2    -0.564747  ...  [('KNeighborsClassifier_1', 'SimpleImputer_1')]
3      INVALID  ...         [('SGDClassifier_1', 'SimpleImputer_1')]
4    -0.255975  ...    [('LogisticRegression_1', 'SimpleImputer_1')]
...        ...  ...                                              ...
3473  -0.17745  ...  [('KNeighborsClassifier_1', 'SimpleImputer_1')]
3474 -0.276218  ...  [('KNeighborsClassifier_1', 'SimpleImputer_1')]
3475 -0.039776  ...                   [('SVC_1', 'SimpleImputer_1')]
3476  -0.40896  ...                   [('SVC_1', 'SimpleImputer_1')]
3477 -0.057907  ...                   [('SVC_1', 'SimpleImputer_1')]

[3478 rows x 10 columns]",17530.11697125435
/tpot2_base_normal_MAR_0.3/,29.916261857098466,"{'model_name': 'SimpleImputer', 'strategy': 'median'}",0.9999933029903589,0.9990901738778811,0.9990767649430451,0.009016539436850825,0.9999847418635259,0.9963636363636363,0.9961994609164421,0.016134272945809953,0.9951042331525854,0.8963636363636364,0.8941228378575643,0.2929952053106599,['SVC_1'],14214.516824007034,"      log_loss  ...                                           Instance
0    -1.704357  ...  [('DecisionTreeClassifier_1', 'SimpleImputer_1')]
1     -0.19001  ...    [('ExtraTreesClassifier_1', 'SimpleImputer_1')]
2     -0.56606  ...    [('ExtraTreesClassifier_1', 'SimpleImputer_1')]
3    -0.138995  ...           [('MLPClassifier_1', 'SimpleImputer_1')]
4    -0.182604  ...    [('KNeighborsClassifier_1', 'SimpleImputer_1')]
...        ...  ...                                                ...
3339 -1.002322  ...                     [('SVC_1', 'SimpleImputer_1')]
3340 -0.222766  ...    [('KNeighborsClassifier_1', 'SimpleImputer_1')]
3341 -0.253435  ...    [('KNeighborsClassifier_1', 'SimpleImputer_1')]
3342 -0.215678  ...    [('KNeighborsClassifier_1', 'SimpleImputer_1')]
3343 -0.277248  ...    [('KNeighborsClassifier_1', 'SimpleImputer_1')]

[3344 rows x 10 columns]",0.9999417347152889,0.9940355843105539,0.9941263992112086,0.026010032147406072,0.9969534901418665,0.9054545454545454,0.903345998301743,0.2603123652051342,"      log_loss  ...                                           Instance
0    -1.704357  ...  [('DecisionTreeClassifier_1', 'SimpleImputer_1')]
1     -0.19001  ...    [('ExtraTreesClassifier_1', 'SimpleImputer_1')]
2     -0.56606  ...    [('ExtraTreesClassifier_1', 'SimpleImputer_1')]
3    -0.138995  ...           [('MLPClassifier_1', 'SimpleImputer_1')]
4    -0.182604  ...    [('KNeighborsClassifier_1', 'SimpleImputer_1')]
...        ...  ...                                                ...
3339 -1.002322  ...                     [('SVC_1', 'SimpleImputer_1')]
3340 -0.222766  ...    [('KNeighborsClassifier_1', 'SimpleImputer_1')]
3341 -0.253435  ...    [('KNeighborsClassifier_1', 'SimpleImputer_1')]
3342 -0.215678  ...    [('KNeighborsClassifier_1', 'SimpleImputer_1')]
3343 -0.277248  ...    [('KNeighborsClassifier_1', 'SimpleImputer_1')]

[3344 rows x 10 columns]",16821.085117578506
/tpot2_base_normal_MAR_0.5/,34.70167834506052,"{'model_name': 'SimpleImputer', 'strategy': 'mean'}",0.9999918793012043,0.9987868985038415,0.9987608645492789,0.010142460766171105,0.9999809131963806,0.9963636363636363,0.9961994609164421,0.017093838073840534,0.9887639325847184,0.8518181818181818,0.8520280808666458,0.49603818199928945,['SVC_1'],14857.731031179428,"       log_loss  ...                                         Instance
0     -0.290965  ...  [('KNeighborsClassifier_1', 'SimpleImputer_1')]
1    -18.680824  ...         [('SGDClassifier_1', 'SimpleImputer_1')]
2     -1.893738  ...                   [('SVC_1', 'SimpleImputer_1')]
3      -1.45825  ...           [('BernoulliNB_1', 'SimpleImputer_1')]
4    -11.141825  ...         [('SGDClassifier_1', 'SimpleImputer_1')]
...         ...  ...                                              ...
3191   -0.46353  ...  [('KNeighborsClassifier_1', 'SimpleImputer_1')]
3192  -0.318606  ...  [('KNeighborsClassifier_1', 'SimpleImputer_1')]
3193  -0.259103  ...  [('KNeighborsClassifier_1', 'SimpleImputer_1')]
3194  -0.469487  ...  [('KNeighborsClassifier_1', 'SimpleImputer_1')]
3195  -0.100369  ...                   [('SVC_1', 'SimpleImputer_1')]

[3196 rows x 10 columns]",0.9997809929014221,0.9889809947432269,0.989146497696801,0.04061837023594389,0.9873438498361343,0.8381818181818181,0.8372620229819832,0.5152040114325803,"       log_loss  ...                                         Instance
0     -0.290965  ...  [('KNeighborsClassifier_1', 'SimpleImputer_1')]
1    -18.680824  ...         [('SGDClassifier_1', 'SimpleImputer_1')]
2     -1.893738  ...                   [('SVC_1', 'SimpleImputer_1')]
3      -1.45825  ...           [('BernoulliNB_1', 'SimpleImputer_1')]
4    -11.141825  ...         [('SGDClassifier_1', 'SimpleImputer_1')]
...         ...  ...                                              ...
3191   -0.46353  ...  [('KNeighborsClassifier_1', 'SimpleImputer_1')]
3192  -0.318606  ...  [('KNeighborsClassifier_1', 'SimpleImputer_1')]
3193  -0.259103  ...  [('KNeighborsClassifier_1', 'SimpleImputer_1')]
3194  -0.469487  ...  [('KNeighborsClassifier_1', 'SimpleImputer_1')]
3195  -0.100369  ...                   [('SVC_1', 'SimpleImputer_1')]

[3196 rows x 10 columns]",15579.639775037766
/tpot2_base_normal_MAR_0.9/,21.616135422940506,"{'model_name': 'SimpleImputer', 'strategy': 'mean'}",0.9999944141901598,0.9991912656692277,0.9991739466728798,0.00897466128767287,0.9999856990303121,0.9972727272727273,0.997151841868823,0.016156920910368005,0.9331214036026086,0.6190909090909091,0.619634627997393,1.3719781362915715,['SVC_1'],12834.846577644348,"      log_loss  ...                                           Instance
0    -6.023266  ...           [('MultinomialNB_1', 'SimpleImputer_1')]
1    -1.684228  ...  [('DecisionTreeClassifier_1', 'SimpleImputer_1')]
2    -0.189253  ...    [('ExtraTreesClassifier_1', 'SimpleImputer_1')]
3      INVALID  ...  [('GradientBoostingClassifier_1', 'SimpleImput...
4    -1.125009  ...  [('DecisionTreeClassifier_1', 'SimpleImputer_1')]
...        ...  ...                                                ...
2912 -0.226017  ...    [('KNeighborsClassifier_1', 'SimpleImputer_1')]
2913 -0.229448  ...    [('KNeighborsClassifier_1', 'SimpleImputer_1')]
2914 -0.256768  ...    [('KNeighborsClassifier_1', 'SimpleImputer_1')]
2915 -0.562251  ...                     [('SVC_1', 'SimpleImputer_1')]
2916 -0.125105  ...                     [('SVC_1', 'SimpleImputer_1')]

[2917 rows x 10 columns]",0.9994862914375942,0.9808936514355034,0.9811601495693354,0.06547340866561531,0.937982434381303,0.6872727272727273,0.6877311202534638,1.0903938667813855,"      log_loss  ...                                           Instance
0    -6.023266  ...           [('MultinomialNB_1', 'SimpleImputer_1')]
1    -1.684228  ...  [('DecisionTreeClassifier_1', 'SimpleImputer_1')]
2    -0.189253  ...    [('ExtraTreesClassifier_1', 'SimpleImputer_1')]
3      INVALID  ...  [('GradientBoostingClassifier_1', 'SimpleImput...
4    -1.125009  ...  [('DecisionTreeClassifier_1', 'SimpleImputer_1')]
...        ...  ...                                                ...
2912 -0.226017  ...    [('KNeighborsClassifier_1', 'SimpleImputer_1')]
2913 -0.229448  ...    [('KNeighborsClassifier_1', 'SimpleImputer_1')]
2914 -0.256768  ...    [('KNeighborsClassifier_1', 'SimpleImputer_1')]
2915 -0.562251  ...                     [('SVC_1', 'SimpleImputer_1')]
2916 -0.125105  ...                     [('SVC_1', 'SimpleImputer_1')]

[2917 rows x 10 columns]",11256.123390197754
/tpot2_base_normal_MNAR_0.01/,29.715544022412296,"{'model_name': 'SimpleImputer', 'strategy': 'mean'}",0.9999929368954632,0.9989890820865346,0.9989713908650684,0.009474460154355695,0.999981870363167,0.9963636363636363,0.9961994609164421,0.01631224871057729,0.9998923723211111,0.990909090909091,0.99080881037705,0.03342756012162999,['SVC_1'],14850.931551456451,"      log_loss  ...                                         Instance
0    -0.274721  ...  [('ExtraTreesClassifier_1', 'SimpleImputer_1')]
1    -5.681291  ...         [('MultinomialNB_1', 'SimpleImputer_1')]
2    -5.592467  ...         [('MultinomialNB_1', 'SimpleImputer_1')]
3    -0.082335  ...         [('XGBClassifier_1', 'SimpleImputer_1')]
4    -2.317993  ...         [('MLPClassifier_1', 'SimpleImputer_1')]
...        ...  ...                                              ...
4212  -0.54714  ...                   [('SVC_1', 'SimpleImputer_1')]
4213 -0.298323  ...                   [('SVC_1', 'SimpleImputer_1')]
4214 -0.095047  ...                   [('SVC_1', 'SimpleImputer_1')]
4215 -1.770497  ...                   [('SVC_1', 'SimpleImputer_1')]
4216 -0.042788  ...                   [('SVC_1', 'SimpleImputer_1')]

[4217 rows x 10 columns]",0.9999546855546748,0.9971694298422968,0.9971570410085594,0.015485436133385103,0.9999683653658001,0.9918181818181818,0.9917535635643663,0.02593336392787904,"      log_loss  ...                                         Instance
0    -0.274721  ...  [('ExtraTreesClassifier_1', 'SimpleImputer_1')]
1    -5.681291  ...         [('MultinomialNB_1', 'SimpleImputer_1')]
2    -5.592467  ...         [('MultinomialNB_1', 'SimpleImputer_1')]
3    -0.082335  ...         [('XGBClassifier_1', 'SimpleImputer_1')]
4    -2.317993  ...         [('MLPClassifier_1', 'SimpleImputer_1')]
...        ...  ...                                              ...
4212  -0.54714  ...                   [('SVC_1', 'SimpleImputer_1')]
4213 -0.298323  ...                   [('SVC_1', 'SimpleImputer_1')]
4214 -0.095047  ...                   [('SVC_1', 'SimpleImputer_1')]
4215 -1.770497  ...                   [('SVC_1', 'SimpleImputer_1')]
4216 -0.042788  ...                   [('SVC_1', 'SimpleImputer_1')]

[4217 rows x 10 columns]",18341.627952814102
/tpot2_base_normal_MNAR_0.1/,29.78393764970344,"{'model_name': 'SimpleImputer', 'strategy': 'mean'}",0.9999999537198132,0.9997978164173069,0.9997894736842106,0.0030521033724043773,0.9999521606091296,0.9927272727272727,0.9926334704686244,0.022700573185692352,0.9980580135043116,0.9409090909090909,0.9402385372783888,0.1720364322162657,['XGBClassifier_1'],2113.5524196624756,"      log_loss  ...                                           Instance
0    -6.034628  ...           [('MultinomialNB_1', 'SimpleImputer_1')]
1    -0.598901  ...      [('LogisticRegression_1', 'SimpleImputer_1')]
2    -1.098677  ...                     [('SVC_1', 'SimpleImputer_1')]
3    -0.257496  ...    [('ExtraTreesClassifier_1', 'SimpleImputer_1')]
4      INVALID  ...           [('SGDClassifier_1', 'SimpleImputer_1')]
...        ...  ...                                                ...
3155 -0.211818  ...    [('KNeighborsClassifier_1', 'SimpleImputer_1')]
3156 -0.379244  ...    [('KNeighborsClassifier_1', 'SimpleImputer_1')]
3157 -0.247829  ...  [('GradientBoostingClassifier_1', 'SimpleImput...
3158 -0.386924  ...    [('KNeighborsClassifier_1', 'SimpleImputer_1')]
3159 -0.207088  ...    [('KNeighborsClassifier_1', 'SimpleImputer_1')]

[3160 rows x 10 columns]",1.0,1.0,1.0,0.00046981952825983134,0.9995887384973727,0.98,0.9797618533618706,0.06927792905360937,"      log_loss  ...                                           Instance
0    -6.034628  ...           [('MultinomialNB_1', 'SimpleImputer_1')]
1    -0.598901  ...      [('LogisticRegression_1', 'SimpleImputer_1')]
2    -1.098677  ...                     [('SVC_1', 'SimpleImputer_1')]
3    -0.257496  ...    [('ExtraTreesClassifier_1', 'SimpleImputer_1')]
4      INVALID  ...           [('SGDClassifier_1', 'SimpleImputer_1')]
...        ...  ...                                                ...
3155 -0.211818  ...    [('KNeighborsClassifier_1', 'SimpleImputer_1')]
3156 -0.379244  ...    [('KNeighborsClassifier_1', 'SimpleImputer_1')]
3157 -0.247829  ...  [('GradientBoostingClassifier_1', 'SimpleImput...
3158 -0.386924  ...    [('KNeighborsClassifier_1', 'SimpleImputer_1')]
3159 -0.207088  ...    [('KNeighborsClassifier_1', 'SimpleImputer_1')]

[3160 rows x 10 columns]",8592.99732208252
/tpot2_base_normal_MNAR_0.3/,28.097327406409203,"{'model_name': 'SimpleImputer', 'strategy': 'mean'}",0.9999950167832286,0.9991912656692277,0.9991739466728798,0.0091337962578333,0.9999847418635259,0.9963636363636363,0.9961994609164421,0.01633278711306956,0.9821482408241395,0.7972727272727272,0.7964979717546532,0.587433376029648,['SVC_1'],14736.6761636734,"      log_loss  ...                                         Instance
0    -5.883705  ...         [('MultinomialNB_1', 'SimpleImputer_1')]
1    -1.859058  ...  [('KNeighborsClassifier_1', 'SimpleImputer_1')]
2    -0.363737  ...         [('MLPClassifier_1', 'SimpleImputer_1')]
3    -1.584676  ...         [('XGBClassifier_1', 'SimpleImputer_1')]
4     -1.60491  ...           [('BernoulliNB_1', 'SimpleImputer_1')]
...        ...  ...                                              ...
3310 -0.986867  ...  [('KNeighborsClassifier_1', 'SimpleImputer_1')]
3311 -0.697344  ...  [('KNeighborsClassifier_1', 'SimpleImputer_1')]
3312 -0.464955  ...  [('KNeighborsClassifier_1', 'SimpleImputer_1')]
3313 -1.012545  ...  [('KNeighborsClassifier_1', 'SimpleImputer_1')]
3314 -0.309247  ...         [('XGBClassifier_1', 'SimpleImputer_1')]

[3315 rows x 10 columns]",1.0,1.0,1.0,0.005749031093680595,0.997918717157615,0.9390909090909091,0.938274356934173,0.17765369613258908,"      log_loss  ...                                         Instance
0    -5.883705  ...         [('MultinomialNB_1', 'SimpleImputer_1')]
1    -1.859058  ...  [('KNeighborsClassifier_1', 'SimpleImputer_1')]
2    -0.363737  ...         [('MLPClassifier_1', 'SimpleImputer_1')]
3    -1.584676  ...         [('XGBClassifier_1', 'SimpleImputer_1')]
4     -1.60491  ...           [('BernoulliNB_1', 'SimpleImputer_1')]
...        ...  ...                                              ...
3310 -0.986867  ...  [('KNeighborsClassifier_1', 'SimpleImputer_1')]
3311 -0.697344  ...  [('KNeighborsClassifier_1', 'SimpleImputer_1')]
3312 -0.464955  ...  [('KNeighborsClassifier_1', 'SimpleImputer_1')]
3313 -1.012545  ...  [('KNeighborsClassifier_1', 'SimpleImputer_1')]
3314 -0.309247  ...         [('XGBClassifier_1', 'SimpleImputer_1')]

[3315 rows x 10 columns]",1593.5589287281036
/tpot2_base_normal_MNAR_0.5/,28.107454073469473,"{'model_name': 'SimpleImputer', 'strategy': 'mean'}",0.9999933623134382,0.9990901738778811,0.9990767649430451,0.00911630757307434,0.9999828275299534,0.9963636363636363,0.9961994609164421,0.016247976022943394,0.9316406165433649,0.6072727272727273,0.6057148202746407,1.2262564014523523,['SVC_1'],14401.318716287613,"       log_loss  ...                                           Instance
0     -1.579035  ...             [('BernoulliNB_1', 'SimpleImputer_1')]
1     -0.768185  ...  [('RandomForestClassifier_1', 'SimpleImputer_1')]
2       INVALID  ...           [('SGDClassifier_1', 'SimpleImputer_1')]
3       INVALID  ...  [('GradientBoostingClassifier_1', 'SimpleImput...
4     -1.317367  ...              [('GaussianNB_1', 'SimpleImputer_1')]
...         ...  ...                                                ...
3182  -1.561776  ...    [('KNeighborsClassifier_1', 'SimpleImputer_1')]
3183    INVALID  ...  [('GradientBoostingClassifier_1', 'SimpleImput...
3184  -0.920297  ...    [('KNeighborsClassifier_1', 'SimpleImputer_1')]
3185  -0.893515  ...    [('KNeighborsClassifier_1', 'SimpleImputer_1')]
3186 -14.075584  ...           [('MultinomialNB_1', 'SimpleImputer_1')]

[3187 rows x 10 columns]",0.9999566491806811,0.9938334007278609,0.9938025360951119,0.07981271149153399,0.9876832471854644,0.8572727272727273,0.8567680069739566,0.44110568119732324,"       log_loss  ...                                           Instance
0     -1.579035  ...             [('BernoulliNB_1', 'SimpleImputer_1')]
1     -0.768185  ...  [('RandomForestClassifier_1', 'SimpleImputer_1')]
2       INVALID  ...           [('SGDClassifier_1', 'SimpleImputer_1')]
3       INVALID  ...  [('GradientBoostingClassifier_1', 'SimpleImput...
4     -1.317367  ...              [('GaussianNB_1', 'SimpleImputer_1')]
...         ...  ...                                                ...
3182  -1.561776  ...    [('KNeighborsClassifier_1', 'SimpleImputer_1')]
3183    INVALID  ...  [('GradientBoostingClassifier_1', 'SimpleImput...
3184  -0.920297  ...    [('KNeighborsClassifier_1', 'SimpleImputer_1')]
3185  -0.893515  ...    [('KNeighborsClassifier_1', 'SimpleImputer_1')]
3186 -14.075584  ...           [('MultinomialNB_1', 'SimpleImputer_1')]

[3187 rows x 10 columns]",9406.868138551712
/tpot2_base_normal_MNAR_0.9/,17.92302224624654,"{'model_name': 'SimpleImputer', 'strategy': 'mean'}",1.0,1.0,1.0,5.392205684420396e-05,0.9999383184875205,0.9936363636363637,0.9935768666950395,0.021948214424329225,0.6522584070509027,0.21545454545454545,0.21173522403218875,2.413073330346763,['GradientBoostingClassifier_1'],4944.692938327789,"      log_loss  ...                                           Instance
0    -9.706439  ...              [('GaussianNB_1', 'SimpleImputer_1')]
1    -2.096124  ...      [('LogisticRegression_1', 'SimpleImputer_1')]
2    -2.302633  ...                     [('SVC_1', 'SimpleImputer_1')]
3    -2.270363  ...  [('DecisionTreeClassifier_1', 'SimpleImputer_1')]
4    -2.225303  ...  [('DecisionTreeClassifier_1', 'SimpleImputer_1')]
...        ...  ...                                                ...
4529  -1.89838  ...      [('LogisticRegression_1', 'SimpleImputer_1')]
4530 -2.080501  ...      [('LogisticRegression_1', 'SimpleImputer_1')]
4531 -2.058791  ...      [('LogisticRegression_1', 'SimpleImputer_1')]
4532  -1.86545  ...      [('LogisticRegression_1', 'SimpleImputer_1')]
4533 -2.043509  ...      [('LogisticRegression_1', 'SimpleImputer_1')]

[4534 rows x 10 columns]",0.8789828349440167,0.49181156490093003,0.4891448617599825,1.4209628689529885,0.7858746697744122,0.32181818181818184,0.3195013168688744,1.8180269347990448,"      log_loss  ...                                           Instance
0    -9.706439  ...              [('GaussianNB_1', 'SimpleImputer_1')]
1    -2.096124  ...      [('LogisticRegression_1', 'SimpleImputer_1')]
2    -2.302633  ...                     [('SVC_1', 'SimpleImputer_1')]
3    -2.270363  ...  [('DecisionTreeClassifier_1', 'SimpleImputer_1')]
4    -2.225303  ...  [('DecisionTreeClassifier_1', 'SimpleImputer_1')]
...        ...  ...                                                ...
4529  -1.89838  ...      [('LogisticRegression_1', 'SimpleImputer_1')]
4530 -2.080501  ...      [('LogisticRegression_1', 'SimpleImputer_1')]
4531 -2.058791  ...      [('LogisticRegression_1', 'SimpleImputer_1')]
4532  -1.86545  ...      [('LogisticRegression_1', 'SimpleImputer_1')]
4533 -2.043509  ...      [('LogisticRegression_1', 'SimpleImputer_1')]

[4534 rows x 10 columns]",16620.56298995018
/tpot2_base_normal_MCAR_0.01/,30.82484916718109,"{'model_name': 'SimpleImputer', 'strategy': 'mean'}",0.9999940747542067,0.9990901738778811,0.9990767649430451,0.008771599290990584,0.9999847418635259,0.9972727272727273,0.997151841868823,0.01624061352676823,0.9999660670130209,0.9927272727272727,0.9926383843118872,0.029478487272727446,['SVC_1'],14423.40318274498,"      log_loss  ...                                         Instance
0    -0.064452  ...         [('MLPClassifier_1', 'SimpleImputer_1')]
1    -0.107187  ...  [('KNeighborsClassifier_1', 'SimpleImputer_1')]
2    -1.817481  ...                   [('SVC_1', 'SimpleImputer_1')]
3     -5.64411  ...         [('MultinomialNB_1', 'SimpleImputer_1')]
4      INVALID  ...         [('SGDClassifier_1', 'SimpleImputer_1')]
...        ...  ...                                              ...
4663  -1.37303  ...                   [('SVC_1', 'SimpleImputer_1')]
4664 -0.174603  ...  [('KNeighborsClassifier_1', 'SimpleImputer_1')]
4665 -1.217098  ...                   [('SVC_1', 'SimpleImputer_1')]
4666 -0.109821  ...                   [('SVC_1', 'SimpleImputer_1')]
4667 -1.448817  ...                   [('SVC_1', 'SimpleImputer_1')]

[4668 rows x 10 columns]",0.9999746753804567,0.997573797007683,0.9975620417041007,0.013907138868197189,0.9999809293484112,0.9954545454545455,0.9953298956990508,0.020784456550696995,"      log_loss  ...                                         Instance
0    -0.064452  ...         [('MLPClassifier_1', 'SimpleImputer_1')]
1    -0.107187  ...  [('KNeighborsClassifier_1', 'SimpleImputer_1')]
2    -1.817481  ...                   [('SVC_1', 'SimpleImputer_1')]
3     -5.64411  ...         [('MultinomialNB_1', 'SimpleImputer_1')]
4      INVALID  ...         [('SGDClassifier_1', 'SimpleImputer_1')]
...        ...  ...                                              ...
4663  -1.37303  ...                   [('SVC_1', 'SimpleImputer_1')]
4664 -0.174603  ...  [('KNeighborsClassifier_1', 'SimpleImputer_1')]
4665 -1.217098  ...                   [('SVC_1', 'SimpleImputer_1')]
4666 -0.109821  ...                   [('SVC_1', 'SimpleImputer_1')]
4667 -1.448817  ...                   [('SVC_1', 'SimpleImputer_1')]

[4668 rows x 10 columns]",18523.371375322342
/tpot2_base_normal_MCAR_0.1/,29.438256140536062,"{'model_name': 'SimpleImputer', 'strategy': 'mean'}",0.9999932219618239,0.998887990295188,0.9988661277071736,0.010046395693027331,0.999981870363167,0.9963636363636363,0.9961994609164421,0.017231017665145572,0.9974396499520057,0.9409090909090909,0.9397247630972426,0.17088403400586066,['SVC_1'],12104.451120138168,"      log_loss  ...                                           Instance
0    -1.158892  ...                     [('SVC_1', 'SimpleImputer_1')]
1    -0.191934  ...  [('GradientBoostingClassifier_1', 'SimpleImput...
2    -1.719967  ...                     [('SVC_1', 'SimpleImputer_1')]
3    -1.091339  ...  [('DecisionTreeClassifier_1', 'SimpleImputer_1')]
4    -0.335512  ...    [('ExtraTreesClassifier_1', 'SimpleImputer_1')]
...        ...  ...                                                ...
4233 -0.408663  ...    [('KNeighborsClassifier_1', 'SimpleImputer_1')]
4234 -0.811668  ...                     [('SVC_1', 'SimpleImputer_1')]
4235  -0.49935  ...                     [('SVC_1', 'SimpleImputer_1')]
4236 -1.784717  ...                     [('SVC_1', 'SimpleImputer_1')]
4237 -1.111855  ...                     [('SVC_1', 'SimpleImputer_1')]

[4238 rows x 10 columns]",1.0,1.0,1.0,0.00624185062842926,0.9998470180583334,0.9872727272727273,0.9870951579111849,0.046318687390829144,"      log_loss  ...                                           Instance
0    -1.158892  ...                     [('SVC_1', 'SimpleImputer_1')]
1    -0.191934  ...  [('GradientBoostingClassifier_1', 'SimpleImput...
2    -1.719967  ...                     [('SVC_1', 'SimpleImputer_1')]
3    -1.091339  ...  [('DecisionTreeClassifier_1', 'SimpleImputer_1')]
4    -0.335512  ...    [('ExtraTreesClassifier_1', 'SimpleImputer_1')]
...        ...  ...                                                ...
4233 -0.408663  ...    [('KNeighborsClassifier_1', 'SimpleImputer_1')]
4234 -0.811668  ...                     [('SVC_1', 'SimpleImputer_1')]
4235  -0.49935  ...                     [('SVC_1', 'SimpleImputer_1')]
4236 -1.784717  ...                     [('SVC_1', 'SimpleImputer_1')]
4237 -1.111855  ...                     [('SVC_1', 'SimpleImputer_1')]

[4238 rows x 10 columns]",18023.167006015778
/tpot2_base_normal_MCAR_0.3/,28.904316531952293,"{'model_name': 'SimpleImputer', 'strategy': 'mean'}",0.9999937467584544,0.9990901738778811,0.9990767649430451,0.009186500213373028,0.9999828275299534,0.9963636363636363,0.9961994609164421,0.016603508755232695,0.9791067838295129,0.7945454545454546,0.7929990686313816,0.6306916309977989,['SVC_1'],13519.4097802639,"      log_loss  ...                                           Instance
0    -0.269099  ...           [('XGBClassifier_1', 'SimpleImputer_1')]
1    -0.401525  ...           [('XGBClassifier_1', 'SimpleImputer_1')]
2    -6.333117  ...           [('MultinomialNB_1', 'SimpleImputer_1')]
3    -0.218869  ...  [('GradientBoostingClassifier_1', 'SimpleImput...
4      INVALID  ...           [('SGDClassifier_1', 'SimpleImputer_1')]
...        ...  ...                                                ...
3406 -0.882497  ...           [('XGBClassifier_1', 'SimpleImputer_1')]
3407 -1.963221  ...           [('XGBClassifier_1', 'SimpleImputer_1')]
3408 -0.245662  ...                     [('SVC_1', 'SimpleImputer_1')]
3409  -0.92888  ...    [('KNeighborsClassifier_1', 'SimpleImputer_1')]
3410 -0.252703  ...           [('XGBClassifier_1', 'SimpleImputer_1')]

[3411 rows x 10 columns]",0.9999952912924226,0.9997978164173069,0.9997894736842106,0.02302747352284875,0.9985148410890254,0.9536363636363636,0.9534212479517086,0.1488274114069585,"      log_loss  ...                                           Instance
0    -0.269099  ...           [('XGBClassifier_1', 'SimpleImputer_1')]
1    -0.401525  ...           [('XGBClassifier_1', 'SimpleImputer_1')]
2    -6.333117  ...           [('MultinomialNB_1', 'SimpleImputer_1')]
3    -0.218869  ...  [('GradientBoostingClassifier_1', 'SimpleImput...
4      INVALID  ...           [('SGDClassifier_1', 'SimpleImputer_1')]
...        ...  ...                                                ...
3406 -0.882497  ...           [('XGBClassifier_1', 'SimpleImputer_1')]
3407 -1.963221  ...           [('XGBClassifier_1', 'SimpleImputer_1')]
3408 -0.245662  ...                     [('SVC_1', 'SimpleImputer_1')]
3409  -0.92888  ...    [('KNeighborsClassifier_1', 'SimpleImputer_1')]
3410 -0.252703  ...           [('XGBClassifier_1', 'SimpleImputer_1')]

[3411 rows x 10 columns]",13568.525896072388
/tpot2_base_normal_MCAR_0.5/,28.348466927630227,"{'model_name': 'SimpleImputer', 'strategy': 'mean'}",0.9999944634990016,0.9990901738778811,0.9990767649430451,0.00980437139218691,0.9999799560295942,0.9963636363636363,0.9961994609164421,0.017086947142480408,0.9239938495305028,0.5936363636363636,0.5911740384595615,1.2775979229255672,['SVC_1'],14366.835792779922,"      log_loss  ...                                         Instance
0    -1.000029  ...    [('LogisticRegression_1', 'SimpleImputer_1')]
1    -1.453109  ...    [('LogisticRegression_1', 'SimpleImputer_1')]
2    -0.547422  ...         [('XGBClassifier_1', 'SimpleImputer_1')]
3    -9.257913  ...         [('SGDClassifier_1', 'SimpleImputer_1')]
4    -3.373896  ...            [('GaussianNB_1', 'SimpleImputer_1')]
...        ...  ...                                              ...
3397 -1.772173  ...  [('KNeighborsClassifier_1', 'SimpleImputer_1')]
3398 -0.922207  ...  [('KNeighborsClassifier_1', 'SimpleImputer_1')]
3399 -0.963724  ...  [('KNeighborsClassifier_1', 'SimpleImputer_1')]
3400 -1.574046  ...  [('KNeighborsClassifier_1', 'SimpleImputer_1')]
3401 -1.368859  ...  [('KNeighborsClassifier_1', 'SimpleImputer_1')]

[3402 rows x 10 columns]",0.999956454352153,0.9950465022240194,0.994976625413439,0.08254850165234749,0.9914786026945588,0.8790909090909091,0.8786409419775854,0.35884911078971377,"      log_loss  ...                                         Instance
0    -1.000029  ...    [('LogisticRegression_1', 'SimpleImputer_1')]
1    -1.453109  ...    [('LogisticRegression_1', 'SimpleImputer_1')]
2    -0.547422  ...         [('XGBClassifier_1', 'SimpleImputer_1')]
3    -9.257913  ...         [('SGDClassifier_1', 'SimpleImputer_1')]
4    -3.373896  ...            [('GaussianNB_1', 'SimpleImputer_1')]
...        ...  ...                                              ...
3397 -1.772173  ...  [('KNeighborsClassifier_1', 'SimpleImputer_1')]
3398 -0.922207  ...  [('KNeighborsClassifier_1', 'SimpleImputer_1')]
3399 -0.963724  ...  [('KNeighborsClassifier_1', 'SimpleImputer_1')]
3400 -1.574046  ...  [('KNeighborsClassifier_1', 'SimpleImputer_1')]
3401 -1.368859  ...  [('KNeighborsClassifier_1', 'SimpleImputer_1')]

[3402 rows x 10 columns]",1249.990181684494
/tpot2_base_normal_MCAR_0.9/,18.139540262678725,"{'model_name': 'SimpleImputer', 'strategy': 'mean'}",0.9999928596864981,0.9990901738778811,0.9990767649430451,0.009107441258240073,0.9999856990303121,0.9963636363636363,0.9961994609164421,0.01625751746558608,0.6730308444490954,0.19,0.1851965228904912,2.572231754869084,['SVC_1'],13281.575597763062,"      log_loss  ...                                           Instance
0    -5.227776  ...              [('GaussianNB_1', 'SimpleImputer_1')]
1     -1.90345  ...  [('RandomForestClassifier_1', 'SimpleImputer_1')]
2     -8.26699  ...    [('KNeighborsClassifier_1', 'SimpleImputer_1')]
3    -1.906183  ...    [('ExtraTreesClassifier_1', 'SimpleImputer_1')]
4     -9.34932  ...              [('GaussianNB_1', 'SimpleImputer_1')]
...        ...  ...                                                ...
4950 -1.920071  ...      [('LogisticRegression_1', 'SimpleImputer_1')]
4951 -2.137568  ...      [('LogisticRegression_1', 'SimpleImputer_1')]
4952 -1.919138  ...      [('LogisticRegression_1', 'SimpleImputer_1')]
4953 -2.122496  ...      [('LogisticRegression_1', 'SimpleImputer_1')]
4954 -1.919107  ...      [('LogisticRegression_1', 'SimpleImputer_1')]

[4955 rows x 10 columns]",0.8679069381534283,0.459765467044076,0.4568385247989144,1.562704920802132,0.8092125071644463,0.3481818181818182,0.3448993278931537,1.741838351573138,"      log_loss  ...                                           Instance
0    -5.227776  ...              [('GaussianNB_1', 'SimpleImputer_1')]
1     -1.90345  ...  [('RandomForestClassifier_1', 'SimpleImputer_1')]
2     -8.26699  ...    [('KNeighborsClassifier_1', 'SimpleImputer_1')]
3    -1.906183  ...    [('ExtraTreesClassifier_1', 'SimpleImputer_1')]
4     -9.34932  ...              [('GaussianNB_1', 'SimpleImputer_1')]
...        ...  ...                                                ...
4950 -1.920071  ...      [('LogisticRegression_1', 'SimpleImputer_1')]
4951 -2.137568  ...      [('LogisticRegression_1', 'SimpleImputer_1')]
4952 -1.919138  ...      [('LogisticRegression_1', 'SimpleImputer_1')]
4953 -2.122496  ...      [('LogisticRegression_1', 'SimpleImputer_1')]
4954 -1.919107  ...      [('LogisticRegression_1', 'SimpleImputer_1')]

[4955 rows x 10 columns]",13924.01702785492
/tpot2_base_imputation_MAR_0.01/,7.549205669996921,"{'model_name': 'KNNImputer', 'weights': 'distance', 'keep_empty_features': False}",0.9999922978392025,0.9990901738778811,0.9990767649430451,0.009499224452059706,0.999981870363167,0.9963636363636363,0.9961994609164421,0.016606886768843532,0.999981870363167,0.9963636363636363,0.9961994609164421,0.016618752908106868,['SVC_1'],17191.480097055435,"      log_loss  ...                                         Instance
0      INVALID  ...           [('MLPClassifier_1', 'GAINImputer_1')]
1    -0.167262  ...  [('RandomForestClassifier_1', 'GAINImputer_1')]
2      INVALID  ...           [('SGDClassifier_1', 'GAINImputer_1')]
3    -6.768608  ...         [('SGDClassifier_1', 'SimpleImputer_1')]
4      INVALID  ...      [('LogisticRegression_1', 'GAINImputer_1')]
...        ...  ...                                              ...
4773   INVALID  ...    [('KNeighborsClassifier_1', 'GAINImputer_1')]
4774 -1.814051  ...         [('XGBClassifier_1', 'SimpleImputer_1')]
4775 -1.463059  ...         [('XGBClassifier_1', 'SimpleImputer_1')]
4776 -0.071266  ...         [('XGBClassifier_1', 'SimpleImputer_1')]
4777 -0.391011  ...         [('XGBClassifier_1', 'SimpleImputer_1')]

[4778 rows x 10 columns]",1.0,1.0,1.0,0.0014751667124503086,0.9998995808282274,0.990909090909091,0.9907376932898284,0.027007946989541017,"      log_loss  ...                                         Instance
0      INVALID  ...           [('MLPClassifier_1', 'GAINImputer_1')]
1    -0.167262  ...  [('RandomForestClassifier_1', 'GAINImputer_1')]
2      INVALID  ...           [('SGDClassifier_1', 'GAINImputer_1')]
3    -6.768608  ...         [('SGDClassifier_1', 'SimpleImputer_1')]
4      INVALID  ...      [('LogisticRegression_1', 'GAINImputer_1')]
...        ...  ...                                              ...
4773   INVALID  ...    [('KNeighborsClassifier_1', 'GAINImputer_1')]
4774 -1.814051  ...         [('XGBClassifier_1', 'SimpleImputer_1')]
4775 -1.463059  ...         [('XGBClassifier_1', 'SimpleImputer_1')]
4776 -0.071266  ...         [('XGBClassifier_1', 'SimpleImputer_1')]
4777 -0.391011  ...         [('XGBClassifier_1', 'SimpleImputer_1')]

[4778 rows x 10 columns]",3559.8286969661713
/tpot2_base_imputation_MAR_0.1/,14.27274882804733,"{'model_name': 'KNNImputer', 'weights': 'distance', 'keep_empty_features': False}",0.9999922547865724,0.9990901738778811,0.9990767649430451,0.009660637513916836,0.9999866481210831,0.9963636363636363,0.9961994609164421,0.016536666370158954,0.9999866642731139,0.9963636363636363,0.9961994609164421,0.0166981393730406,['SVC_1'],14620.418227910995,"      log_loss  ...                                       Instance
0    -2.293217  ...                   [('SVC_1', 'GAINImputer_1')]
1      INVALID  ...            [('GaussianNB_1', 'GAINImputer_1')]
2    -0.177986  ...  [('KNeighborsClassifier_1', 'GAINImputer_1')]
3      INVALID  ...  [('KNeighborsClassifier_1', 'GAINImputer_1')]
4      INVALID  ...         [('MultinomialNB_1', 'GAINImputer_1')]
...        ...  ...                                            ...
5016 -0.269717  ...  [('KNeighborsClassifier_1', 'GAINImputer_1')]
5017 -0.060591  ...         [('XGBClassifier_1', 'GAINImputer_1')]
5018   TIMEOUT  ...         [('XGBClassifier_1', 'GAINImputer_1')]
5019   INVALID  ...  [('KNeighborsClassifier_1', 'GAINImputer_1')]
5020 -2.154568  ...         [('XGBClassifier_1', 'GAINImputer_1')]

[5021 rows x 10 columns]",0.9999963971949141,0.9990901738778811,0.9988658441029037,0.00892421384123258,0.9996309781867568,0.9781818181818182,0.9805175777836717,0.06895044175354191,"      log_loss  ...                                       Instance
0    -2.293217  ...                   [('SVC_1', 'GAINImputer_1')]
1      INVALID  ...            [('GaussianNB_1', 'GAINImputer_1')]
2    -0.177986  ...  [('KNeighborsClassifier_1', 'GAINImputer_1')]
3      INVALID  ...  [('KNeighborsClassifier_1', 'GAINImputer_1')]
4      INVALID  ...         [('MultinomialNB_1', 'GAINImputer_1')]
...        ...  ...                                            ...
5016 -0.269717  ...  [('KNeighborsClassifier_1', 'GAINImputer_1')]
5017 -0.060591  ...         [('XGBClassifier_1', 'GAINImputer_1')]
5018   TIMEOUT  ...         [('XGBClassifier_1', 'GAINImputer_1')]
5019   INVALID  ...  [('KNeighborsClassifier_1', 'GAINImputer_1')]
5020 -2.154568  ...         [('XGBClassifier_1', 'GAINImputer_1')]

[5021 rows x 10 columns]",29888.089159965515
/tpot2_base_imputation_MAR_0.3/,13.293129446554783,"{'model_name': 'KNNImputer', 'weights': 'distance', 'keep_empty_features': False}",1.0,0.9998989082086535,0.9998947368421053,0.003095176692385975,0.9999714785671413,0.990909090909091,0.9906714900458693,0.022852623066240814,0.9992631800897531,0.9863636363636363,0.9862103371636639,0.05493674706040236,['XGBClassifier_1'],2069.6364057064056,"      log_loss  ...                                           Instance
0    -0.868843  ...  [('DecisionTreeClassifier_1', 'SimpleImputer_1')]
1     -0.26281  ...      [('KNeighborsClassifier_1', 'GAINImputer_1')]
2      INVALID  ...  [('GradientBoostingClassifier_1', 'SimpleImput...
3    -0.482515  ...                       [('SVC_1', 'GAINImputer_1')]
4    -1.380003  ...              [('GaussianNB_1', 'SimpleImputer_1')]
...        ...  ...                                                ...
4445 -2.231011  ...                     [('SVC_1', 'SimpleImputer_1')]
4446 -0.080008  ...                     [('SVC_1', 'SimpleImputer_1')]
4447 -0.251355  ...                     [('SVC_1', 'SimpleImputer_1')]
4448   -0.1327  ...                     [('SVC_1', 'SimpleImputer_1')]
4449 -0.223998  ...    [('KNeighborsClassifier_1', 'SimpleImputer_1')]

[4450 rows x 10 columns]",0.9998350408224553,0.9868580671249495,0.9868044508646611,0.04149164260649856,0.9946282495372267,0.889090909090909,0.8888790269356738,0.2995441109034071,"      log_loss  ...                                           Instance
0    -0.868843  ...  [('DecisionTreeClassifier_1', 'SimpleImputer_1')]
1     -0.26281  ...      [('KNeighborsClassifier_1', 'GAINImputer_1')]
2      INVALID  ...  [('GradientBoostingClassifier_1', 'SimpleImput...
3    -0.482515  ...                       [('SVC_1', 'GAINImputer_1')]
4    -1.380003  ...              [('GaussianNB_1', 'SimpleImputer_1')]
...        ...  ...                                                ...
4445 -2.231011  ...                     [('SVC_1', 'SimpleImputer_1')]
4446 -0.080008  ...                     [('SVC_1', 'SimpleImputer_1')]
4447 -0.251355  ...                     [('SVC_1', 'SimpleImputer_1')]
4448   -0.1327  ...                     [('SVC_1', 'SimpleImputer_1')]
4449 -0.223998  ...    [('KNeighborsClassifier_1', 'SimpleImputer_1')]

[4450 rows x 10 columns]",18340.04225254059
/tpot2_base_imputation_MAR_0.5/,16.119773560467724,"{'model_name': 'KNNImputer', 'weights': 'distance', 'keep_empty_features': False}",0.9999947734667731,0.9990901738778811,0.9990767649430451,0.009061922759912135,0.9999847418635259,0.9972727272727273,0.997151841868823,0.01619086364524486,0.9996471667291956,0.9845454545454545,0.9846049701777003,0.05982795498919136,['SVC_1'],16120.83871126175,"      log_loss  ...                                           Instance
0    -0.185515  ...  [('GradientBoostingClassifier_1', 'GAINImputer...
1      INVALID  ...             [('MultinomialNB_1', 'GAINImputer_1')]
2    -0.350573  ...    [('RandomForestClassifier_1', 'GAINImputer_1')]
3    -2.228143  ...    [('DecisionTreeClassifier_1', 'GAINImputer_1')]
4    -4.835639  ...    [('DecisionTreeClassifier_1', 'GAINImputer_1')]
...        ...  ...                                                ...
5016 -1.807285  ...      [('KNeighborsClassifier_1', 'GAINImputer_1')]
5017   INVALID  ...  [('GradientBoostingClassifier_1', 'GAINImputer...
5018 -0.242895  ...      [('KNeighborsClassifier_1', 'GAINImputer_1')]
5019   INVALID  ...      [('KNeighborsClassifier_1', 'GAINImputer_1')]
5020 -0.283278  ...      [('KNeighborsClassifier_1', 'GAINImputer_1')]

[5021 rows x 10 columns]",0.9999806659371162,0.9917104731095835,0.9947433933998653,0.026937196644964388,0.9878518685738402,0.8363636363636363,0.8430499341051563,0.5439399354006408,"      log_loss  ...                                           Instance
0    -0.185515  ...  [('GradientBoostingClassifier_1', 'GAINImputer...
1      INVALID  ...             [('MultinomialNB_1', 'GAINImputer_1')]
2    -0.350573  ...    [('RandomForestClassifier_1', 'GAINImputer_1')]
3    -2.228143  ...    [('DecisionTreeClassifier_1', 'GAINImputer_1')]
4    -4.835639  ...    [('DecisionTreeClassifier_1', 'GAINImputer_1')]
...        ...  ...                                                ...
5016 -1.807285  ...      [('KNeighborsClassifier_1', 'GAINImputer_1')]
5017   INVALID  ...  [('GradientBoostingClassifier_1', 'GAINImputer...
5018 -0.242895  ...      [('KNeighborsClassifier_1', 'GAINImputer_1')]
5019   INVALID  ...      [('KNeighborsClassifier_1', 'GAINImputer_1')]
5020 -0.283278  ...      [('KNeighborsClassifier_1', 'GAINImputer_1')]

[5021 rows x 10 columns]",27203.86462330818
/tpot2_base_imputation_MAR_0.9/,15.126207220136209,"{'model_name': 'KNNImputer', 'weights': 'distance', 'keep_empty_features': False}",0.9999908063843206,0.9959563283461383,0.9959503258048349,0.013613098970491155,0.9999254876958128,0.9890909090909091,0.9889895781290801,0.03669584637036067,0.9874221429955259,0.889090909090909,0.8880669475164531,0.9072623528890549,['MLPClassifier_1'],1722.6872477531433,"      log_loss  ...                                         Instance
0    -6.622044  ...              [('GaussianNB_1', 'GAINImputer_1')]
1      INVALID  ...  [('RandomForestClassifier_1', 'GAINImputer_1')]
2      INVALID  ...           [('MultinomialNB_1', 'GAINImputer_1')]
3      INVALID  ...    [('KNeighborsClassifier_1', 'GAINImputer_1')]
4    -2.302422  ...           [('XGBClassifier_1', 'GAINImputer_1')]
...        ...  ...                                              ...
5009 -2.714555  ...    [('KNeighborsClassifier_1', 'GAINImputer_1')]
5010 -1.914932  ...                     [('SVC_1', 'GAINImputer_1')]
5011 -0.390799  ...    [('KNeighborsClassifier_1', 'GAINImputer_1')]
5012  -1.87769  ...                     [('SVC_1', 'GAINImputer_1')]
5013 -2.521546  ...    [('KNeighborsClassifier_1', 'GAINImputer_1')]

[5014 rows x 10 columns]",0.9983267341019018,0.9330772341285888,0.9528987559354336,0.12590074661731282,0.7947246380726544,0.44272727272727275,0.42659406925846205,1.7047110683848503,"      log_loss  ...                                         Instance
0    -6.622044  ...              [('GaussianNB_1', 'GAINImputer_1')]
1      INVALID  ...  [('RandomForestClassifier_1', 'GAINImputer_1')]
2      INVALID  ...           [('MultinomialNB_1', 'GAINImputer_1')]
3      INVALID  ...    [('KNeighborsClassifier_1', 'GAINImputer_1')]
4    -2.302422  ...           [('XGBClassifier_1', 'GAINImputer_1')]
...        ...  ...                                              ...
5009 -2.714555  ...    [('KNeighborsClassifier_1', 'GAINImputer_1')]
5010 -1.914932  ...                     [('SVC_1', 'GAINImputer_1')]
5011 -0.390799  ...    [('KNeighborsClassifier_1', 'GAINImputer_1')]
5012  -1.87769  ...                     [('SVC_1', 'GAINImputer_1')]
5013 -2.521546  ...    [('KNeighborsClassifier_1', 'GAINImputer_1')]

[5014 rows x 10 columns]",17175.156979084015
/tpot2_base_imputation_MNAR_0.01/,8.537916408102669,"{'model_name': 'KNNImputer', 'weights': 'distance', 'keep_empty_features': False}",0.9999900429779629,0.996259603720178,0.9962161721409629,0.0127829226523201,0.9999513590950929,0.9863636363636363,0.9861517616847697,0.0334623925936068,0.9999054231653652,0.9863636363636363,0.9861517616847697,0.03947130604648489,['MLPClassifier_1'],1853.650184392929,"      log_loss  ...                                       Instance
0     -0.14196  ...         [('MLPClassifier_1', 'GAINImputer_1')]
1      INVALID  ...            [('GaussianNB_1', 'GAINImputer_1')]
2      INVALID  ...  [('KNeighborsClassifier_1', 'GAINImputer_1')]
3     -2.29977  ...                   [('SVC_1', 'GAINImputer_1')]
4      INVALID  ...  [('ExtraTreesClassifier_1', 'GAINImputer_1')]
...        ...  ...                                            ...
5024 -0.318031  ...    [('LogisticRegression_1', 'GAINImputer_1')]
5025  -0.41184  ...    [('LogisticRegression_1', 'GAINImputer_1')]
5026   INVALID  ...                   [('SVC_1', 'GAINImputer_1')]
5027   INVALID  ...    [('LogisticRegression_1', 'GAINImputer_1')]
5028 -0.238625  ...    [('LogisticRegression_1', 'GAINImputer_1')]

[5029 rows x 10 columns]",0.999988799697004,0.9981803477557623,0.9979751238277018,0.014539997857890551,0.9999723067713191,0.9954545454545455,0.9944693152076255,0.020119753601705172,"      log_loss  ...                                       Instance
0     -0.14196  ...         [('MLPClassifier_1', 'GAINImputer_1')]
1      INVALID  ...            [('GaussianNB_1', 'GAINImputer_1')]
2      INVALID  ...  [('KNeighborsClassifier_1', 'GAINImputer_1')]
3     -2.29977  ...                   [('SVC_1', 'GAINImputer_1')]
4      INVALID  ...  [('ExtraTreesClassifier_1', 'GAINImputer_1')]
...        ...  ...                                            ...
5024 -0.318031  ...    [('LogisticRegression_1', 'GAINImputer_1')]
5025  -0.41184  ...    [('LogisticRegression_1', 'GAINImputer_1')]
5026   INVALID  ...                   [('SVC_1', 'GAINImputer_1')]
5027   INVALID  ...    [('LogisticRegression_1', 'GAINImputer_1')]
5028 -0.238625  ...    [('LogisticRegression_1', 'GAINImputer_1')]

[5029 rows x 10 columns]",29919.21499300003
/tpot2_base_imputation_MNAR_0.1/,15.391607027673299,"{'model_name': 'KNNImputer', 'weights': 'uniform', 'keep_empty_features': False}",0.9999929546786255,0.9990901738778811,0.9990767649430451,0.009253606964487536,0.9999847418635259,0.9963636363636363,0.9961994609164421,0.01628184384186251,0.9999375573963857,0.9936363636363637,0.9935106634510806,0.025126961370635977,['SVC_1'],14339.534170866013,"      log_loss  ...                                       Instance
0    -6.477425  ...         [('MultinomialNB_1', 'GAINImputer_1')]
1      INVALID  ...           [('BernoulliNB_1', 'GAINImputer_1')]
2    -1.203889  ...           [('BernoulliNB_1', 'GAINImputer_1')]
3    -1.184583  ...           [('BernoulliNB_1', 'GAINImputer_1')]
4    -0.402613  ...  [('ExtraTreesClassifier_1', 'GAINImputer_1')]
...        ...  ...                                            ...
4971 -0.291452  ...    [('LogisticRegression_1', 'GAINImputer_1')]
4972 -0.331786  ...    [('LogisticRegression_1', 'GAINImputer_1')]
4973 -6.759411  ...         [('MultinomialNB_1', 'GAINImputer_1')]
4974 -0.343904  ...    [('LogisticRegression_1', 'GAINImputer_1')]
4975 -0.647604  ...    [('LogisticRegression_1', 'GAINImputer_1')]

[4976 rows x 10 columns]",0.9998293859542035,0.9915082895268904,0.9896651550814235,0.03695144373307363,0.9998737700529687,0.98,0.9828072642640233,0.04495480974893847,"      log_loss  ...                                       Instance
0    -6.477425  ...         [('MultinomialNB_1', 'GAINImputer_1')]
1      INVALID  ...           [('BernoulliNB_1', 'GAINImputer_1')]
2    -1.203889  ...           [('BernoulliNB_1', 'GAINImputer_1')]
3    -1.184583  ...           [('BernoulliNB_1', 'GAINImputer_1')]
4    -0.402613  ...  [('ExtraTreesClassifier_1', 'GAINImputer_1')]
...        ...  ...                                            ...
4971 -0.291452  ...    [('LogisticRegression_1', 'GAINImputer_1')]
4972 -0.331786  ...    [('LogisticRegression_1', 'GAINImputer_1')]
4973 -6.759411  ...         [('MultinomialNB_1', 'GAINImputer_1')]
4974 -0.343904  ...    [('LogisticRegression_1', 'GAINImputer_1')]
4975 -0.647604  ...    [('LogisticRegression_1', 'GAINImputer_1')]

[4976 rows x 10 columns]",29478.207229614258
/tpot2_base_imputation_MNAR_0.3/,23.302471301139086,"{'model_name': 'KNNImputer', 'weights': 'distance', 'keep_empty_features': False}",0.9999925268383244,0.9989890820865346,0.9989713908650684,0.009411498683568153,0.999981870363167,0.9963636363636363,0.9961994609164421,0.016325236947559316,0.9953460986237787,0.9190909090909091,0.9187020463381588,0.2579638080220924,['SVC_1'],12277.001013278961,"      log_loss  ...                                           Instance
0      TIMEOUT  ...                [('GaussianNB_1', 'GAINImputer_1')]
1      INVALID  ...             [('MLPClassifier_1', 'GAINImputer_1')]
2      INVALID  ...  [('GradientBoostingClassifier_1', 'GAINImputer...
3    -1.398894  ...               [('BernoulliNB_1', 'GAINImputer_1')]
4    -1.398924  ...               [('BernoulliNB_1', 'GAINImputer_1')]
...        ...  ...                                                ...
4901 -1.191224  ...      [('KNeighborsClassifier_1', 'GAINImputer_1')]
4902 -1.321135  ...      [('KNeighborsClassifier_1', 'GAINImputer_1')]
4903  -1.95221  ...      [('KNeighborsClassifier_1', 'GAINImputer_1')]
4904   INVALID  ...                       [('SVC_1', 'GAINImputer_1')]
4905   INVALID  ...      [('KNeighborsClassifier_1', 'GAINImputer_1')]

[4906 rows x 10 columns]",0.9988778510343786,0.957339264051759,0.9662451025255614,0.13930314782231992,0.9979656548768453,0.9509090909090909,0.934955004410123,0.22679069981715094,"      log_loss  ...                                           Instance
0      TIMEOUT  ...                [('GaussianNB_1', 'GAINImputer_1')]
1      INVALID  ...             [('MLPClassifier_1', 'GAINImputer_1')]
2      INVALID  ...  [('GradientBoostingClassifier_1', 'GAINImputer...
3    -1.398894  ...               [('BernoulliNB_1', 'GAINImputer_1')]
4    -1.398924  ...               [('BernoulliNB_1', 'GAINImputer_1')]
...        ...  ...                                                ...
4901 -1.191224  ...      [('KNeighborsClassifier_1', 'GAINImputer_1')]
4902 -1.321135  ...      [('KNeighborsClassifier_1', 'GAINImputer_1')]
4903  -1.95221  ...      [('KNeighborsClassifier_1', 'GAINImputer_1')]
4904   INVALID  ...                       [('SVC_1', 'GAINImputer_1')]
4905   INVALID  ...      [('KNeighborsClassifier_1', 'GAINImputer_1')]

[4906 rows x 10 columns]",28059.41295313835
/tpot2_base_imputation_MNAR_0.5/,25.588098782975965,"{'model_name': 'GAIN', 'batch_size': 13, 'hint_rate': 0.98, 'alpha': 49, 'iterations': 12}",0.9999998234234658,0.9998989082086535,0.9998947368421053,0.0031983509109775455,0.9999436028644167,0.9918181818181818,0.9916148862722846,0.023493197254097826,0.8357780185062469,0.4118181818181818,0.4124598617133482,3.1975721852846517,['XGBClassifier_1'],2753.8470346927643,"      log_loss  ...                                           Instance
0    -0.661743  ...  [('GradientBoostingClassifier_1', 'GAINImputer...
1    -1.053767  ...                       [('SVC_1', 'GAINImputer_1')]
2    -9.145484  ...             [('MultinomialNB_1', 'GAINImputer_1')]
3    -1.126075  ...    [('RandomForestClassifier_1', 'GAINImputer_1')]
4      -2.0195  ...             [('XGBClassifier_1', 'GAINImputer_1')]
...        ...  ...                                                ...
4860 -1.244305  ...      [('KNeighborsClassifier_1', 'GAINImputer_1')]
4861  -1.14742  ...      [('KNeighborsClassifier_1', 'GAINImputer_1')]
4862 -7.034154  ...             [('MultinomialNB_1', 'GAINImputer_1')]
4863 -0.898136  ...      [('KNeighborsClassifier_1', 'GAINImputer_1')]
4864 -0.743808  ...      [('KNeighborsClassifier_1', 'GAINImputer_1')]

[4865 rows x 10 columns]",0.9883617981158977,0.8652446421350586,0.8562999240076131,0.4029972074426754,0.9798589640855507,0.7845454545454545,0.7668277749336425,0.6096300900164262,"      log_loss  ...                                           Instance
0    -0.661743  ...  [('GradientBoostingClassifier_1', 'GAINImputer...
1    -1.053767  ...                       [('SVC_1', 'GAINImputer_1')]
2    -9.145484  ...             [('MultinomialNB_1', 'GAINImputer_1')]
3    -1.126075  ...    [('RandomForestClassifier_1', 'GAINImputer_1')]
4      -2.0195  ...             [('XGBClassifier_1', 'GAINImputer_1')]
...        ...  ...                                                ...
4860 -1.244305  ...      [('KNeighborsClassifier_1', 'GAINImputer_1')]
4861  -1.14742  ...      [('KNeighborsClassifier_1', 'GAINImputer_1')]
4862 -7.034154  ...             [('MultinomialNB_1', 'GAINImputer_1')]
4863 -0.898136  ...      [('KNeighborsClassifier_1', 'GAINImputer_1')]
4864 -0.743808  ...      [('KNeighborsClassifier_1', 'GAINImputer_1')]

[4865 rows x 10 columns]",28061.042379140854
/tpot2_base_imputation_MNAR_0.9/,11.033822878884166,"{'model_name': 'GAIN', 'batch_size': 54, 'hint_rate': 0.3, 'alpha': 39, 'iterations': 4}",1.0,1.0,1.0,0.0012551237563367902,0.9999585405702962,0.9945454545454545,0.9943968411595024,0.018817223452808354,0.54103171357152,0.11636363636363636,0.1195339044905126,7.430417676438089,['XGBClassifier_1'],2432.1876714229584,"      log_loss  ...                                           Instance
0      INVALID  ...             [('MLPClassifier_1', 'GAINImputer_1')]
1      INVALID  ...                [('GaussianNB_1', 'GAINImputer_1')]
2      INVALID  ...  [('GradientBoostingClassifier_1', 'GAINImputer...
3      INVALID  ...               [('BernoulliNB_1', 'GAINImputer_1')]
4      INVALID  ...  [('GradientBoostingClassifier_1', 'GAINImputer...
...        ...  ...                                                ...
2484 -2.012443  ...      [('ExtraTreesClassifier_1', 'GAINImputer_1')]
2485 -2.301784  ...    [('DecisionTreeClassifier_1', 'GAINImputer_1')]
2486   TIMEOUT  ...    [('DecisionTreeClassifier_1', 'GAINImputer_1')]
2487 -3.188473  ...             [('MultinomialNB_1', 'GAINImputer_1')]
2488 -2.301784  ...    [('DecisionTreeClassifier_1', 'GAINImputer_1')]

[2489 rows x 10 columns]",0.7695219370906317,0.3277395875454913,0.29804893310213465,1.8782864093362421,0.6987930421199305,0.19545454545454546,0.21662519711913092,2.0616743634001113,"      log_loss  ...                                           Instance
0      INVALID  ...             [('MLPClassifier_1', 'GAINImputer_1')]
1      INVALID  ...                [('GaussianNB_1', 'GAINImputer_1')]
2      INVALID  ...  [('GradientBoostingClassifier_1', 'GAINImputer...
3      INVALID  ...               [('BernoulliNB_1', 'GAINImputer_1')]
4      INVALID  ...  [('GradientBoostingClassifier_1', 'GAINImputer...
...        ...  ...                                                ...
2484 -2.012443  ...      [('ExtraTreesClassifier_1', 'GAINImputer_1')]
2485 -2.301784  ...    [('DecisionTreeClassifier_1', 'GAINImputer_1')]
2486   TIMEOUT  ...    [('DecisionTreeClassifier_1', 'GAINImputer_1')]
2487 -3.188473  ...             [('MultinomialNB_1', 'GAINImputer_1')]
2488 -2.301784  ...    [('DecisionTreeClassifier_1', 'GAINImputer_1')]

[2489 rows x 10 columns]",28508.98132777214
/tpot2_base_imputation_MCAR_0.01/,8.671802922853995,"{'model_name': 'KNNImputer', 'weights': 'distance', 'keep_empty_features': False}",0.9999945011023093,0.9991912656692277,0.9991739466728798,0.008776618583521335,0.9999847418635259,0.9972727272727273,0.997151841868823,0.01611361312235118,0.9999847418635259,0.9972727272727273,0.997151841868823,0.016078640663781948,['SVC_1'],13900.296604156494,"      log_loss  ...                                         Instance
0      TIMEOUT  ...  [('DecisionTreeClassifier_1', 'GAINImputer_1')]
1    -0.228085  ...                     [('SVC_1', 'GAINImputer_1')]
2    -0.301628  ...      [('LogisticRegression_1', 'GAINImputer_1')]
3      INVALID  ...    [('KNeighborsClassifier_1', 'GAINImputer_1')]
4    -0.979389  ...  [('DecisionTreeClassifier_1', 'GAINImputer_1')]
...        ...  ...                                              ...
5019 -0.156463  ...    [('KNeighborsClassifier_1', 'GAINImputer_1')]
5020   INVALID  ...    [('KNeighborsClassifier_1', 'GAINImputer_1')]
5021 -0.262331  ...    [('KNeighborsClassifier_1', 'GAINImputer_1')]
5022 -0.298772  ...    [('KNeighborsClassifier_1', 'GAINImputer_1')]
5023   INVALID  ...    [('KNeighborsClassifier_1', 'GAINImputer_1')]

[5024 rows x 10 columns]",0.9999998400365696,0.9992923574605742,0.9994896416118074,0.003058522315863976,0.9999399499236906,0.9936363636363637,0.9936340852130325,0.03036203413094131,"      log_loss  ...                                         Instance
0      TIMEOUT  ...  [('DecisionTreeClassifier_1', 'GAINImputer_1')]
1    -0.228085  ...                     [('SVC_1', 'GAINImputer_1')]
2    -0.301628  ...      [('LogisticRegression_1', 'GAINImputer_1')]
3      INVALID  ...    [('KNeighborsClassifier_1', 'GAINImputer_1')]
4    -0.979389  ...  [('DecisionTreeClassifier_1', 'GAINImputer_1')]
...        ...  ...                                              ...
5019 -0.156463  ...    [('KNeighborsClassifier_1', 'GAINImputer_1')]
5020   INVALID  ...    [('KNeighborsClassifier_1', 'GAINImputer_1')]
5021 -0.262331  ...    [('KNeighborsClassifier_1', 'GAINImputer_1')]
5022 -0.298772  ...    [('KNeighborsClassifier_1', 'GAINImputer_1')]
5023   INVALID  ...    [('KNeighborsClassifier_1', 'GAINImputer_1')]

[5024 rows x 10 columns]",18211.284157037735
/tpot2_base_imputation_MCAR_0.1/,14.994319234596082,"{'model_name': 'KNNImputer', 'weights': 'distance', 'keep_empty_features': False}",0.9999933854954653,0.9989890820865346,0.9989713908650684,0.009540165234270136,0.999981870363167,0.9963636363636363,0.9961994609164421,0.016782244098921605,0.9999484664378293,0.9945454545454545,0.9943788717075709,0.02302541182375574,['SVC_1'],12574.344960212708,"      log_loss  ...                                       Instance
0     -6.53119  ...         [('MultinomialNB_1', 'GAINImputer_1')]
1    -2.317058  ...         [('MLPClassifier_1', 'GAINImputer_1')]
2    -0.224895  ...         [('MLPClassifier_1', 'GAINImputer_1')]
3    -0.542464  ...         [('MLPClassifier_1', 'GAINImputer_1')]
4      INVALID  ...    [('LogisticRegression_1', 'GAINImputer_1')]
...        ...  ...                                            ...
5009   TIMEOUT  ...         [('XGBClassifier_1', 'GAINImputer_1')]
5010 -0.445106  ...         [('XGBClassifier_1', 'GAINImputer_1')]
5011  -0.20912  ...  [('KNeighborsClassifier_1', 'GAINImputer_1')]
5012 -0.256098  ...         [('XGBClassifier_1', 'GAINImputer_1')]
5013 -0.092061  ...         [('XGBClassifier_1', 'GAINImputer_1')]

[5014 rows x 10 columns]",0.9999728606164748,0.9947432268499797,0.9946541193686166,0.0148688638783148,0.999629399894836,0.9709090909090909,0.9798253426840274,0.06900099929764457,"      log_loss  ...                                       Instance
0     -6.53119  ...         [('MultinomialNB_1', 'GAINImputer_1')]
1    -2.317058  ...         [('MLPClassifier_1', 'GAINImputer_1')]
2    -0.224895  ...         [('MLPClassifier_1', 'GAINImputer_1')]
3    -0.542464  ...         [('MLPClassifier_1', 'GAINImputer_1')]
4      INVALID  ...    [('LogisticRegression_1', 'GAINImputer_1')]
...        ...  ...                                            ...
5009   TIMEOUT  ...         [('XGBClassifier_1', 'GAINImputer_1')]
5010 -0.445106  ...         [('XGBClassifier_1', 'GAINImputer_1')]
5011  -0.20912  ...  [('KNeighborsClassifier_1', 'GAINImputer_1')]
5012 -0.256098  ...         [('XGBClassifier_1', 'GAINImputer_1')]
5013 -0.092061  ...         [('XGBClassifier_1', 'GAINImputer_1')]

[5014 rows x 10 columns]",29159.57037448883
/tpot2_base_imputation_MCAR_0.3/,24.075643042964234,"{'model_name': 'KNNImputer', 'weights': 'distance', 'keep_empty_features': False}",1.0,1.0,1.0,0.0015616589859996678,0.999954884850115,0.9927272727272727,0.9926410982336893,0.02077138704313101,0.992519059162768,0.9072727272727272,0.9075009509006314,0.42117952945419435,['XGBClassifier_1'],1243.127813577652,"      log_loss  ...                                           Instance
0    -3.549972  ...    [('DecisionTreeClassifier_1', 'GAINImputer_1')]
1    -0.740693  ...      [('KNeighborsClassifier_1', 'GAINImputer_1')]
2    -8.062266  ...             [('MultinomialNB_1', 'GAINImputer_1')]
3      INVALID  ...  [('GradientBoostingClassifier_1', 'GAINImputer...
4    -1.410297  ...               [('BernoulliNB_1', 'GAINImputer_1')]
...        ...  ...                                                ...
4992 -0.370614  ...      [('KNeighborsClassifier_1', 'GAINImputer_1')]
4993 -0.415034  ...      [('KNeighborsClassifier_1', 'GAINImputer_1')]
4994 -0.541894  ...      [('KNeighborsClassifier_1', 'GAINImputer_1')]
4995   INVALID  ...      [('KNeighborsClassifier_1', 'GAINImputer_1')]
4996 -0.550658  ...      [('KNeighborsClassifier_1', 'GAINImputer_1')]

[4997 rows x 10 columns]",0.9971948585951733,0.9055802668823292,0.9195299463937321,0.2380459835003932,0.9948613085834503,0.8945454545454545,0.9026477391180988,0.3620458143745079,"      log_loss  ...                                           Instance
0    -3.549972  ...    [('DecisionTreeClassifier_1', 'GAINImputer_1')]
1    -0.740693  ...      [('KNeighborsClassifier_1', 'GAINImputer_1')]
2    -8.062266  ...             [('MultinomialNB_1', 'GAINImputer_1')]
3      INVALID  ...  [('GradientBoostingClassifier_1', 'GAINImputer...
4    -1.410297  ...               [('BernoulliNB_1', 'GAINImputer_1')]
...        ...  ...                                                ...
4992 -0.370614  ...      [('KNeighborsClassifier_1', 'GAINImputer_1')]
4993 -0.415034  ...      [('KNeighborsClassifier_1', 'GAINImputer_1')]
4994 -0.541894  ...      [('KNeighborsClassifier_1', 'GAINImputer_1')]
4995   INVALID  ...      [('KNeighborsClassifier_1', 'GAINImputer_1')]
4996 -0.550658  ...      [('KNeighborsClassifier_1', 'GAINImputer_1')]

[4997 rows x 10 columns]",27563.725064516068
/tpot2_base_imputation_MCAR_0.5/,25.4268999964147,"{'model_name': 'GAIN', 'batch_size': 145, 'hint_rate': 0.78, 'alpha': 33, 'iterations': 22}",0.9999847462404269,0.9980792559644157,0.9980561427014166,0.01192430495867369,0.9999847337875106,0.9963636363636363,0.9961994609164421,0.0175123261689493,0.8003989263071754,0.36727272727272725,0.36709630927194936,2.7039656973897137,['SVC_1'],5144.57640337944,"      log_loss  ...                                           Instance
0      INVALID  ...        [('LogisticRegression_1', 'GAINImputer_1')]
1      INVALID  ...  [('GradientBoostingClassifier_1', 'GAINImputer...
2      INVALID  ...             [('SGDClassifier_1', 'GAINImputer_1')]
3    -0.899366  ...      [('ExtraTreesClassifier_1', 'GAINImputer_1')]
4      TIMEOUT  ...             [('XGBClassifier_1', 'GAINImputer_1')]
...        ...  ...                                                ...
5028 -1.465094  ...        [('LogisticRegression_1', 'GAINImputer_1')]
5029  -1.07024  ...        [('LogisticRegression_1', 'GAINImputer_1')]
5030   INVALID  ...        [('LogisticRegression_1', 'GAINImputer_1')]
5031 -0.987937  ...        [('LogisticRegression_1', 'GAINImputer_1')]
5032 -1.650087  ...        [('LogisticRegression_1', 'GAINImputer_1')]

[5033 rows x 10 columns]",0.9832655949037152,0.8260210270926001,0.8224933580905205,0.4930948346408552,0.981593599079026,0.7963636363636364,0.7862386277424488,0.6057503590882084,"      log_loss  ...                                           Instance
0      INVALID  ...        [('LogisticRegression_1', 'GAINImputer_1')]
1      INVALID  ...  [('GradientBoostingClassifier_1', 'GAINImputer...
2      INVALID  ...             [('SGDClassifier_1', 'GAINImputer_1')]
3    -0.899366  ...      [('ExtraTreesClassifier_1', 'GAINImputer_1')]
4      TIMEOUT  ...             [('XGBClassifier_1', 'GAINImputer_1')]
...        ...  ...                                                ...
5028 -1.465094  ...        [('LogisticRegression_1', 'GAINImputer_1')]
5029  -1.07024  ...        [('LogisticRegression_1', 'GAINImputer_1')]
5030   INVALID  ...        [('LogisticRegression_1', 'GAINImputer_1')]
5031 -0.987937  ...        [('LogisticRegression_1', 'GAINImputer_1')]
5032 -1.650087  ...        [('LogisticRegression_1', 'GAINImputer_1')]

[5033 rows x 10 columns]",27911.77532029152
/tpot2_base_imputation_MCAR_0.9/,11.092476063458372,"{'model_name': 'GAIN', 'batch_size': 190, 'hint_rate': 0.77, 'alpha': 39, 'iterations': 2}",0.9999948519784635,0.9990901738778811,0.9990767649430451,0.009302850082690902,0.9999847418635259,0.9963636363636363,0.9961994609164421,0.016602524295727117,0.596645308220616,0.13636363636363635,0.13745333390901374,3.429878373264655,['SVC_1'],15242.773745298386,"      log_loss  ...                                       Instance
0    -2.291081  ...                   [('SVC_1', 'GAINImputer_1')]
1      INVALID  ...            [('GaussianNB_1', 'GAINImputer_1')]
2    -2.196407  ...    [('LogisticRegression_1', 'GAINImputer_1')]
3    -2.302633  ...                   [('SVC_1', 'GAINImputer_1')]
4      INVALID  ...         [('MultinomialNB_1', 'GAINImputer_1')]
...        ...  ...                                            ...
5025   INVALID  ...         [('MultinomialNB_1', 'GAINImputer_1')]
5026 -1.999849  ...  [('ExtraTreesClassifier_1', 'GAINImputer_1')]
5027 -2.061289  ...  [('ExtraTreesClassifier_1', 'GAINImputer_1')]
5028   INVALID  ...         [('MultinomialNB_1', 'GAINImputer_1')]
5029 -2.008369  ...  [('ExtraTreesClassifier_1', 'GAINImputer_1')]

[5030 rows x 10 columns]",0.7803723070973794,0.299737161342499,0.29166207097819874,1.8778314979215285,0.7640278546326996,0.27090909090909093,0.26335843711000223,1.954855159211131,"      log_loss  ...                                       Instance
0    -2.291081  ...                   [('SVC_1', 'GAINImputer_1')]
1      INVALID  ...            [('GaussianNB_1', 'GAINImputer_1')]
2    -2.196407  ...    [('LogisticRegression_1', 'GAINImputer_1')]
3    -2.302633  ...                   [('SVC_1', 'GAINImputer_1')]
4      INVALID  ...         [('MultinomialNB_1', 'GAINImputer_1')]
...        ...  ...                                            ...
5025   INVALID  ...         [('MultinomialNB_1', 'GAINImputer_1')]
5026 -1.999849  ...  [('ExtraTreesClassifier_1', 'GAINImputer_1')]
5027 -2.061289  ...  [('ExtraTreesClassifier_1', 'GAINImputer_1')]
5028   INVALID  ...         [('MultinomialNB_1', 'GAINImputer_1')]
5029 -2.008369  ...  [('ExtraTreesClassifier_1', 'GAINImputer_1')]

[5030 rows x 10 columns]",18311.16431927681
